targetname,datetime_str,datetime_jd,M1,solar_presence,k1,interfering_body,RA,DEC,Tmag,Nmag,r,r_rate,delta,delta_rate,elong,elongFlag,hour_angle
ATLAS (C/2025 N1),2025-Apr-01 00:00,2460766.5,12.5,,4.5,,282.38725,-19.76139,20.859,,7.584486165176,-58.7034543,7.58448616517576,-58.7034543,0.0,/*,
ATLAS (C/2025 N1),2025-Apr-02 00:00,2460767.5,12.5,,4.5,,282.33035,-19.76249,20.841,,7.550576167632,-58.7009369,7.55057616763223,-58.7009369,0.0,/*,
ATLAS (C/2025 N1),2025-Apr-03 00:00,2460768.5,12.5,,4.5,,282.27292,-19.76358,20.822,,7.516667645991,-58.6983451,7.5166676459909,-58.6983451,0.0,/*,
ATLAS (C/2025 N1),2025-Apr-04 00:00,2460769.5,12.5,,4.5,,282.21498,-19.76467,20.804,,7.48276064378,-58.695677,7.48276064378021,-58.695677,0.0,/*,
ATLAS (C/2025 N1),2025-Apr-05 00:00,2460770.5,12.5,,4.5,,282.15651,-19.76574,20.785,,7.448855205537,-58.692931,7.44885520553654,-58.692931,0.0,/*,
ATLAS (C/2025 N1),2025-Apr-06 00:00,2460771.5,12.5,,4.5,,282.0975,-19.76681,20.766,,7.41495137683,-58.6901052,7.41495137683009,-58.6901052,0.0,/*,
ATLAS (C/2025 N1),2025-Apr-07 00:00,2460772.5,12.5,,4.5,,282.03795,-19.76787,20.747,,7.381049204291,-58.6871978,7.3810492042914,-58.6871978,0.0,/*,
ATLAS (C/2025 N1),2025-Apr-08 00:00,2460773.5,12.5,,4.5,,281.97785,-19.76891,20.728,,7.347148735639,-58.6842068,7.34714873563855,-58.6842068,0.0,/*,
ATLAS (C/2025 N1),2025-Apr-09 00:00,2460774.5,12.5,,4.5,,281.91719,-19.76995,20.709,,7.313250019706,-58.6811303,7.31325001970553,-58.6811303,0.0,/*,
ATLAS (C/2025 N1),2025-Apr-10 00:00,2460775.5,12.5,,4.5,,281.85597,-19.77097,20.69,,7.279353106471,-58.6779663,7.27935310647115,-58.6779663,0.0,/*,
ATLAS (C/2025 N1),2025-Apr-11 00:00,2460776.5,12.5,,4.5,,281.79417,-19.77198,20.671,,7.245458047089,-58.6747127,7.24545804708882,-58.6747127,0.0,/*,
ATLAS (C/2025 N1),2025-Apr-12 00:00,2460777.5,12.5,,4.5,,281.73179,-19.77299,20.651,,7.211564893917,-58.6713674,7.21156489391743,-58.6713674,0.0,/*,
ATLAS (C/2025 N1),2025-Apr-13 00:00,2460778.5,12.5,,4.5,,281.66882,-19.77397,20.632,,7.177673700553,-58.6679283,7.17767370055288,-58.6679283,0.0,/*,
ATLAS (C/2025 N1),2025-Apr-14 00:00,2460779.5,12.5,,4.5,,281.60525,-19.77495,20.612,,7.143784521861,-58.6643931,7.14378452186095,-58.6643931,0.0,/*,
ATLAS (C/2025 N1),2025-Apr-15 00:00,2460780.5,12.5,,4.5,,281.54108,-19.77591,20.593,,7.109897414011,-58.6607596,7.10989741401082,-58.6607596,0.0,/*,
ATLAS (C/2025 N1),2025-Apr-16 00:00,2460781.5,12.5,,4.5,,281.47628,-19.77686,20.573,,7.07601243451,-58.6570253,7.0760124345096,-58.6570253,0.0,/*,
ATLAS (C/2025 N1),2025-Apr-17 00:00,2460782.5,12.5,,4.5,,281.41087,-19.77779,20.553,,7.042129642238,-58.653188,7.04212964223828,-58.653188,0.0,/*,
ATLAS (C/2025 N1),2025-Apr-18 00:00,2460783.5,12.5,,4.5,,281.34482,-19.77871,20.533,,7.008249097488,-58.649245,7.00824909748848,-58.649245,0.0,/*,
ATLAS (C/2025 N1),2025-Apr-19 00:00,2460784.5,12.5,,4.5,,281.27813,-19.77961,20.513,,6.974370862,-58.6451939,6.97437086200037,-58.6451939,0.0,/*,
ATLAS (C/2025 N1),2025-Apr-20 00:00,2460785.5,12.5,,4.5,,281.21079,-19.7805,20.493,,6.940494999002,-58.641032,6.94049499900176,-58.641032,0.0,/*,
ATLAS (C/2025 N1),2025-Apr-21 00:00,2460786.5,12.5,,4.5,,281.14279,-19.78137,20.473,,6.906621573249,-58.6367567,6.90662157324856,-58.6367567,0.0,/*,
ATLAS (C/2025 N1),2025-Apr-22 00:00,2460787.5,12.5,,4.5,,281.07411,-19.78222,20.453,,6.872750651066,-58.6323653,6.87275065106631,-58.6323653,0.0,/*,
ATLAS (C/2025 N1),2025-Apr-23 00:00,2460788.5,12.5,,4.5,,281.00476,-19.78305,20.432,,6.838882300393,-58.6278548,6.83888230039319,-58.6278548,0.0,/*,
ATLAS (C/2025 N1),2025-Apr-24 00:00,2460789.5,12.5,,4.5,,280.93471,-19.78387,20.412,,6.805016590824,-58.6232224,6.80501659082411,-58.6232224,0.0,/*,
ATLAS (C/2025 N1),2025-Apr-25 00:00,2460790.5,12.5,,4.5,,280.86396,-19.78466,20.391,,6.771153593656,-58.6184652,6.77115359365648,-58.6184652,0.0,/*,
ATLAS (C/2025 N1),2025-Apr-26 00:00,2460791.5,12.5,,4.5,,280.7925,-19.78544,20.371,,6.737293381937,-58.6135799,6.73729338193734,-58.6135799,0.0,/*,
ATLAS (C/2025 N1),2025-Apr-27 00:00,2460792.5,12.5,,4.5,,280.72032,-19.78619,20.35,,6.703436030512,-58.6085635,6.70343603051198,-58.6085635,0.0,/*,
ATLAS (C/2025 N1),2025-Apr-28 00:00,2460793.5,12.5,,4.5,,280.64741,-19.78693,20.329,,6.669581616074,-58.6034128,6.66958161607394,-58.6034128,0.0,/*,
ATLAS (C/2025 N1),2025-Apr-29 00:00,2460794.5,12.5,,4.5,,280.57375,-19.78764,20.308,,6.635730217217,-58.5981244,6.63573021721704,-58.5981244,0.0,/*,
ATLAS (C/2025 N1),2025-Apr-30 00:00,2460795.5,12.5,,4.5,,280.49933,-19.78832,20.287,,6.601881914489,-58.5926948,6.60188191448862,-58.5926948,0.0,/*,
ATLAS (C/2025 N1),2025-May-01 00:00,2460796.5,12.5,,4.5,,280.42415,-19.78898,20.266,,6.568036790445,-58.5871205,6.56803679044485,-58.5871205,0.0,/*,
ATLAS (C/2025 N1),2025-May-02 00:00,2460797.5,12.5,,4.5,,280.34818,-19.78962,20.244,,6.534194929708,-58.581398,6.53419492970764,-58.581398,0.0,/*,
ATLAS (C/2025 N1),2025-May-03 00:00,2460798.5,12.5,,4.5,,280.27143,-19.79023,20.223,,6.500356419024,-58.5755235,6.5003564190235,-58.5755235,0.0,/*,
ATLAS (C/2025 N1),2025-May-04 00:00,2460799.5,12.5,,4.5,,280.19387,-19.79082,20.201,,6.466521347325,-58.5694931,6.46652134732451,-58.5694931,0.0,/*,
ATLAS (C/2025 N1),2025-May-05 00:00,2460800.5,12.5,,4.5,,280.11549,-19.79137,20.18,,6.432689805791,-58.5633029,6.43268980579079,-58.5633029,0.0,/*,
ATLAS (C/2025 N1),2025-May-06 00:00,2460801.5,12.5,,4.5,,280.03629,-19.7919,20.158,,6.398861887916,-58.5569489,6.39886188791563,-58.5569489,0.0,/*,
ATLAS (C/2025 N1),2025-May-07 00:00,2460802.5,12.5,,4.5,,279.95624,-19.7924,20.136,,6.365037689572,-58.5504268,6.36503768957247,-58.5504268,0.0,/*,
ATLAS (C/2025 N1),2025-May-08 00:00,2460803.5,12.5,,4.5,,279.87534,-19.79287,20.114,,6.331217309084,-58.5437324,6.33121730908414,-58.5437324,0.0,/*,
ATLAS (C/2025 N1),2025-May-09 00:00,2460804.5,12.5,,4.5,,279.79357,-19.7933,20.092,,6.297400847295,-58.5368612,6.29740084729463,-58.5368612,0.0,/*,
ATLAS (C/2025 N1),2025-May-10 00:00,2460805.5,12.5,,4.5,,279.71091,-19.7937,20.07,,6.263588407643,-58.5298088,6.26358840764302,-58.5298088,0.0,/*,
ATLAS (C/2025 N1),2025-May-11 00:00,2460806.5,12.5,,4.5,,279.62736,-19.79407,20.047,,6.22978009624,-58.5225702,6.22978009624003,-58.5225702,0.0,/*,
ATLAS (C/2025 N1),2025-May-12 00:00,2460807.5,12.5,,4.5,,279.54289,-19.7944,20.025,,6.195976021947,-58.5151409,6.19597602194738,-58.5151409,0.0,/*,
ATLAS (C/2025 N1),2025-May-13 00:00,2460808.5,12.5,,4.5,,279.4575,-19.7947,20.002,,6.162176296459,-58.5075157,6.16217629645943,-58.5075157,0.0,/*,
ATLAS (C/2025 N1),2025-May-14 00:00,2460809.5,12.5,,4.5,,279.37117,-19.79496,19.98,,6.128381034388,-58.4996896,6.12838103438807,-58.4996896,0.0,/*,
ATLAS (C/2025 N1),2025-May-15 00:00,2460810.5,12.5,,4.5,,279.28388,-19.79518,19.957,,6.09459035335,-58.4916573,6.09459035335024,-58.4916573,0.0,/*,
ATLAS (C/2025 N1),2025-May-16 00:00,2460811.5,12.5,,4.5,,279.19561,-19.79535,19.934,,6.060804374059,-58.4834133,6.06080437405874,-58.4834133,0.0,/*,
ATLAS (C/2025 N1),2025-May-17 00:00,2460812.5,12.5,,4.5,,279.10636,-19.79549,19.911,,6.027023220416,-58.4749521,6.02702322041571,-58.4749521,0.0,/*,
ATLAS (C/2025 N1),2025-May-18 00:00,2460813.5,12.5,,4.5,,279.01609,-19.79558,19.888,,5.99324701961,-58.4662678,5.99324701960998,-58.4662678,0.0,/*,
ATLAS (C/2025 N1),2025-May-19 00:00,2460814.5,12.5,,4.5,,278.92481,-19.79563,19.864,,5.959475902217,-58.4573545,5.95947590221717,-58.4573545,0.0,/*,
ATLAS (C/2025 N1),2025-May-20 00:00,2460815.5,12.5,,4.5,,278.83249,-19.79563,19.841,,5.925710002304,-58.4482061,5.92571000230372,-58.4482061,0.0,/*,
ATLAS (C/2025 N1),2025-May-21 00:00,2460816.5,12.5,,4.5,,278.7391,-19.79558,19.817,,5.891949457534,-58.4388162,5.89194945753425,-58.4388162,0.0,/*,
ATLAS (C/2025 N1),2025-May-22 00:00,2460817.5,12.5,,4.5,,278.64464,-19.79548,19.794,,5.858194409283,-58.4291784,5.85819440928269,-58.4291784,0.0,/*,
ATLAS (C/2025 N1),2025-May-23 00:00,2460818.5,12.5,,4.5,,278.54909,-19.79533,19.77,,5.824445002747,-58.4192859,5.82444500274715,-58.4192859,0.0,/*,
ATLAS (C/2025 N1),2025-May-24 00:00,2460819.5,12.5,,4.5,,278.45242,-19.79513,19.746,,5.790701387069,-58.4091318,5.79070138706884,-58.4091318,0.0,/*,
ATLAS (C/2025 N1),2025-May-25 00:00,2460820.5,12.5,,4.5,,278.35462,-19.79487,19.722,,5.756963715455,-58.3987089,5.75696371545518,-58.3987089,0.0,/*,
ATLAS (C/2025 N1),2025-May-26 00:00,2460821.5,12.5,,4.5,,278.25567,-19.79456,19.698,,5.723232145307,-58.3880099,5.72323214530682,-58.3880099,0.0,/*,
ATLAS (C/2025 N1),2025-May-27 00:00,2460822.5,12.5,,4.5,,278.15554,-19.79419,19.673,,5.689506838349,-58.3770272,5.68950683834944,-58.3770272,0.0,/*,
ATLAS (C/2025 N1),2025-May-28 00:00,2460823.5,12.5,,4.5,,278.05422,-19.79375,19.649,,5.65578796077,-58.3657529,5.65578796077012,-58.3657529,0.0,/*,
ATLAS (C/2025 N1),2025-May-29 00:00,2460824.5,12.5,,4.5,,277.95169,-19.79325,19.624,,5.622075683359,-58.3541789,5.62207568335853,-58.3541789,0.0,/*,
ATLAS (C/2025 N1),2025-May-30 00:00,2460825.5,12.5,,4.5,,277.84792,-19.79269,19.599,,5.588370181654,-58.3422969,5.58837018165359,-58.3422969,0.0,/*,
ATLAS (C/2025 N1),2025-May-31 00:00,2460826.5,12.5,,4.5,,277.74289,-19.79205,19.574,,5.554671636095,-58.3300983,5.55467163609545,-58.3300983,0.0,/*,
ATLAS (C/2025 N1),2025-Jun-01 00:00,2460827.5,12.5,,4.5,,277.63658,-19.79135,19.549,,5.520980232184,-58.3175741,5.52098023218358,-58.3175741,0.0,/*,
ATLAS (C/2025 N1),2025-Jun-02 00:00,2460828.5,12.5,,4.5,,277.52897,-19.79058,19.524,,5.487296160641,-58.3047152,5.48729616064098,-58.3047152,0.0,/*,
ATLAS (C/2025 N1),2025-Jun-03 00:00,2460829.5,12.5,,4.5,,277.42003,-19.78973,19.499,,5.453619617585,-58.2915121,5.45361961758504,-58.2915121,0.0,/*,
ATLAS (C/2025 N1),2025-Jun-04 00:00,2460830.5,12.5,,4.5,,277.30973,-19.7888,19.473,,5.419950804705,-58.277955,5.41995080470544,-58.277955,0.0,/*,
ATLAS (C/2025 N1),2025-Jun-05 00:00,2460831.5,12.5,,4.5,,277.19806,-19.78779,19.447,,5.386289929449,-58.2640338,5.38628992944901,-58.2640338,0.0,/*,
ATLAS (C/2025 N1),2025-Jun-06 00:00,2460832.5,12.5,,4.5,,277.08499,-19.7867,19.421,,5.352637205212,-58.2497379,5.35263720521213,-58.2497379,0.0,/*,
ATLAS (C/2025 N1),2025-Jun-07 00:00,2460833.5,12.5,,4.5,,276.97048,-19.78552,19.395,,5.318992851541,-58.2350566,5.31899285154093,-58.2350566,0.0,/*,
ATLAS (C/2025 N1),2025-Jun-08 00:00,2460834.5,12.5,,4.5,,276.85452,-19.78425,19.369,,5.285357094339,-58.2199787,5.28535709433927,-58.2199787,0.0,/*,
ATLAS (C/2025 N1),2025-Jun-09 00:00,2460835.5,12.5,,4.5,,276.73708,-19.78289,19.343,,5.251730166085,-58.2044926,5.25173016608487,-58.2044926,0.0,/*,
ATLAS (C/2025 N1),2025-Jun-10 00:00,2460836.5,12.5,,4.5,,276.61813,-19.78144,19.316,,5.218112306054,-58.1885864,5.21811230605374,-58.1885864,0.0,/*,
ATLAS (C/2025 N1),2025-Jun-11 00:00,2460837.5,12.5,,4.5,,276.49763,-19.77989,19.29,,5.184503760554,-58.1722476,5.18450376055362,-58.1722476,0.0,/*,
ATLAS (C/2025 N1),2025-Jun-12 00:00,2460838.5,12.5,,4.5,,276.37557,-19.77823,19.263,,5.150904783166,-58.1554635,5.15090478316629,-58.1554635,0.0,/*,
ATLAS (C/2025 N1),2025-Jun-13 00:00,2460839.5,12.5,,4.5,,276.2519,-19.77647,19.236,,5.117315634999,-58.1382208,5.11731563499901,-58.1382208,0.0,/*,
ATLAS (C/2025 N1),2025-Jun-14 00:00,2460840.5,12.5,,4.5,,276.12661,-19.77459,19.209,,5.083736584946,-58.1205058,5.08373658494639,-58.1205058,0.0,/*,
ATLAS (C/2025 N1),2025-Jun-15 00:00,2460841.5,12.5,,4.5,,275.99965,-19.77261,19.181,,5.050167909962,-58.1023044,5.05016790996225,-58.1023044,0.0,/*,
ATLAS (C/2025 N1),2025-Jun-16 00:00,2460842.5,12.5,,4.5,,275.871,-19.7705,19.154,,5.016609895342,-58.0836017,5.016609895342,-58.0836017,0.0,/*,
ATLAS (C/2025 N1),2025-Jun-17 00:00,2460843.5,12.5,,4.5,,275.74062,-19.76827,19.126,,4.983062835017,-58.0643827,4.98306283501699,-58.0643827,0.0,/*,
ATLAS (C/2025 N1),2025-Jun-18 00:00,2460844.5,12.5,,4.5,,275.60847,-19.76592,19.098,,4.94952703186,-58.0446315,4.94952703186005,-58.0446315,0.0,/*,
ATLAS (C/2025 N1),2025-Jun-19 00:00,2460845.5,12.5,,4.5,,275.47453,-19.76343,19.07,,4.916002798004,-58.0243319,4.9160027980038,-58.0243319,0.0,/*,
ATLAS (C/2025 N1),2025-Jun-20 00:00,2460846.5,12.5,,4.5,,275.33875,-19.76081,19.042,,4.882490455172,-58.003467,4.88249045517205,-58.003467,0.0,/*,
ATLAS (C/2025 N1),2025-Jun-21 00:00,2460847.5,12.5,,4.5,,275.2011,-19.75805,19.014,,4.848990335024,-57.9820192,4.84899033502448,-57.9820192,0.0,/*,
ATLAS (C/2025 N1),2025-Jun-22 00:00,2460848.5,12.5,,4.5,,275.06153,-19.75515,18.985,,4.815502779516,-57.9599705,4.81550277951608,-57.9599705,0.0,/*,
ATLAS (C/2025 N1),2025-Jun-23 00:00,2460849.5,12.5,,4.5,,274.92002,-19.75209,18.956,,4.782028141271,-57.9373019,4.78202814127129,-57.9373019,0.0,/*,
ATLAS (C/2025 N1),2025-Jun-24 00:00,2460850.5,12.5,,4.5,,274.77653,-19.74887,18.927,,4.748566783974,-57.9139942,4.74856678397386,-57.9139942,0.0,/*,
ATLAS (C/2025 N1),2025-Jun-25 00:00,2460851.5,12.5,,4.5,,274.631,-19.7455,18.898,,4.715119082773,-57.8900269,4.71511908277338,-57.8900269,0.0,/*,
ATLAS (C/2025 N1),2025-Jun-26 00:00,2460852.5,12.5,,4.5,,274.48339,-19.74195,18.869,,4.681685424709,-57.8653792,4.68168542470881,-57.8653792,0.0,/*,
ATLAS (C/2025 N1),2025-Jun-27 00:00,2460853.5,12.5,,4.5,,274.33368,-19.73823,18.839,,4.64826620915,-57.8400293,4.64826620915038,-57.8400293,0.0,/*,
ATLAS (C/2025 N1),2025-Jun-28 00:00,2460854.5,12.5,,4.5,,274.1818,-19.73433,18.81,,4.61486184826,-57.8139548,4.61486184826005,-57.8139548,0.0,/*,
ATLAS (C/2025 N1),2025-Jun-29 00:00,2460855.5,12.5,,4.5,,274.02771,-19.73024,18.78,,4.581472767473,-57.7871321,4.58147276747254,-57.7871321,0.0,/*,
ATLAS (C/2025 N1),2025-Jun-30 00:00,2460856.5,12.5,,4.5,,273.87137,-19.72596,18.749,,4.548099405996,-57.759537,4.54809940599638,-57.759537,0.0,/*,
ATLAS (C/2025 N1),2025-Jul-01 00:00,2460857.5,12.5,,4.5,,273.71273,-19.72147,18.719,,4.514742217337,-57.7311443,4.51474221733746,-57.7311443,0.0,/*,
ATLAS (C/2025 N1),2025-Jul-02 00:00,2460858.5,12.5,,4.5,,273.55174,-19.71678,18.688,,4.481401669845,-57.7019278,4.48140166984541,-57.7019278,0.0,/*,
ATLAS (C/2025 N1),2025-Jul-03 00:00,2460859.5,12.5,,4.5,,273.38835,-19.71187,18.658,,4.448078247284,-57.6718603,4.4480782472839,-57.6718603,0.0,/*,
ATLAS (C/2025 N1),2025-Jul-04 00:00,2460860.5,12.5,,4.5,,273.22249,-19.70673,18.627,,4.414772449426,-57.6409136,4.41477244942635,-57.6409136,0.0,/*,
ATLAS (C/2025 N1),2025-Jul-05 00:00,2460861.5,12.5,,4.5,,273.05413,-19.70136,18.595,,4.381484792678,-57.6090584,4.38148479267814,-57.6090584,0.0,/*,
ATLAS (C/2025 N1),2025-Jul-06 00:00,2460862.5,12.5,,4.5,,272.88321,-19.69575,18.564,,4.348215810727,-57.5762641,4.34821581072693,-57.5762641,0.0,/*,
ATLAS (C/2025 N1),2025-Jul-07 00:00,2460863.5,12.5,,4.5,,272.70966,-19.68988,18.532,,4.314966055222,-57.542499,4.31496605522179,-57.542499,0.0,/*,
ATLAS (C/2025 N1),2025-Jul-08 00:00,2460864.5,12.5,,4.5,,272.53343,-19.68375,18.5,,4.281736096484,-57.5077303,4.28173609648366,-57.5077303,0.0,/*,
ATLAS (C/2025 N1),2025-Jul-09 00:00,2460865.5,12.5,,4.5,,272.35446,-19.67735,18.468,,4.248526524248,-57.4719235,4.24852652424757,-57.4719235,0.0,/*,
ATLAS (C/2025 N1),2025-Jul-10 00:00,2460866.5,12.5,,4.5,,272.17268,-19.67067,18.436,,4.215337948439,-57.4350432,4.21533794843948,-57.4350432,0.0,/*,
ATLAS (C/2025 N1),2025-Jul-11 00:00,2460867.5,12.5,,4.5,,271.98804,-19.6637,18.403,,4.182170999988,-57.3970522,4.18217099998811,-57.3970522,0.0,/*,
ATLAS (C/2025 N1),2025-Jul-12 00:00,2460868.5,12.5,,4.5,,271.80046,-19.65642,18.37,,4.149026331675,-57.357912,4.14902633167505,-57.357912,0.0,/*,
ATLAS (C/2025 N1),2025-Jul-13 00:00,2460869.5,12.5,,4.5,,271.60987,-19.64882,18.337,,4.115904619024,-57.3175823,4.11590461902385,-57.3175823,0.0,/*,
ATLAS (C/2025 N1),2025-Jul-14 00:00,2460870.5,12.5,,4.5,,271.41622,-19.6409,18.304,,4.082806561231,-57.2760215,4.08280656123081,-57.2760215,0.0,/*,
ATLAS (C/2025 N1),2025-Jul-15 00:00,2460871.5,12.5,,4.5,,271.21942,-19.63263,18.271,,4.04973288214,-57.2331858,4.04973288213987,-57.2331858,0.0,/*,
ATLAS (C/2025 N1),2025-Jul-16 00:00,2460872.5,12.5,,4.5,,271.01941,-19.62401,18.237,,4.016684331263,-57.1890301,4.01668433126281,-57.1890301,0.0,/*,
ATLAS (C/2025 N1),2025-Jul-17 00:00,2460873.5,12.5,,4.5,,270.81609,-19.61502,18.203,,3.983661684849,-57.1435071,3.98366168484851,-57.1435071,0.0,/*,
ATLAS (C/2025 N1),2025-Jul-18 00:00,2460874.5,12.5,,4.5,,270.60941,-19.60564,18.168,,3.950665747003,-57.0965675,3.95066574700302,-57.0965675,0.0,/*,
ATLAS (C/2025 N1),2025-Jul-19 00:00,2460875.5,12.5,,4.5,,270.39927,-19.59587,18.134,,3.917697350863,-57.0481601,3.91769735086322,-57.0481601,0.0,/*,
ATLAS (C/2025 N1),2025-Jul-20 00:00,2460876.5,12.5,,4.5,,270.18559,-19.58568,18.099,,3.884757359827,-56.9982314,3.88475735982716,-56.9982314,0.0,/*,
ATLAS (C/2025 N1),2025-Jul-21 00:00,2460877.5,12.5,,4.5,,269.96828,-19.57505,18.064,,3.851846668844,-56.9467256,3.8518466688441,-56.9467256,0.0,/*,
ATLAS (C/2025 N1),2025-Jul-22 00:00,2460878.5,12.5,,4.5,,269.74726,-19.56398,18.028,,3.818966205767,-56.8935846,3.81896620576709,-56.8935846,0.0,/*,
ATLAS (C/2025 N1),2025-Jul-23 00:00,2460879.5,12.5,,4.5,,269.52244,-19.55244,17.993,,3.786116932772,-56.8387477,3.78611693277208,-56.8387477,0.0,/*,
ATLAS (C/2025 N1),2025-Jul-24 00:00,2460880.5,12.5,,4.5,,269.29372,-19.54041,17.957,,3.753299847846,-56.7821515,3.75329984784638,-56.7821515,0.0,/*,
ATLAS (C/2025 N1),2025-Jul-25 00:00,2460881.5,12.5,,4.5,,269.06099,-19.52788,17.921,,3.720515986351,-56.7237301,3.72051598635114,-56.7237301,0.0,/*,
ATLAS (C/2025 N1),2025-Jul-26 00:00,2460882.5,12.5,,4.5,,268.82417,-19.51481,17.884,,3.687766422661,-56.6634144,3.68776642266092,-56.6634144,0.0,/*,
ATLAS (C/2025 N1),2025-Jul-27 00:00,2460883.5,12.5,,4.5,,268.58315,-19.5012,17.847,,3.655052271885,-56.6011323,3.65505227188532,-56.6011323,0.0,/*,
ATLAS (C/2025 N1),2025-Jul-28 00:00,2460884.5,12.5,,4.5,,268.33782,-19.48701,17.81,,3.622374691677,-56.5368086,3.62237469167694,-56.5368086,0.0,/*,
ATLAS (C/2025 N1),2025-Jul-29 00:00,2460885.5,12.5,,4.5,,268.08807,-19.47222,17.773,,3.58973488413,-56.4703647,3.58973488412989,-56.4703647,0.0,/*,
ATLAS (C/2025 N1),2025-Jul-30 00:00,2460886.5,12.5,,4.5,,267.83379,-19.45682,17.735,,3.557134097775,-56.4017185,3.55713409777499,-56.4017185,0.0,/*,
ATLAS (C/2025 N1),2025-Jul-31 00:00,2460887.5,12.5,,4.5,,267.57486,-19.44076,17.698,,3.524573629675,-56.330784,3.52457362967548,-56.330784,0.0,/*,
ATLAS (C/2025 N1),2025-Aug-01 00:00,2460888.5,12.5,,4.5,,267.31115,-19.42402,17.659,,3.49205482763,-56.2574714,3.49205482763036,-56.2574714,0.0,/*,
ATLAS (C/2025 N1),2025-Aug-02 00:00,2460889.5,12.5,,4.5,,267.04255,-19.40658,17.621,,3.45957909249,-56.1816869,3.45957909249,-56.1816869,0.0,/*,
ATLAS (C/2025 N1),2025-Aug-03 00:00,2460890.5,12.5,,4.5,,266.76892,-19.38841,17.582,,3.427147880591,-56.1033323,3.42714788059106,-56.1033323,0.0,/*,
ATLAS (C/2025 N1),2025-Aug-04 00:00,2460891.5,12.5,,4.5,,266.49013,-19.36946,17.543,,3.394762706317,-56.0223047,3.39476270631702,-56.0223047,0.0,/*,
ATLAS (C/2025 N1),2025-Aug-05 00:00,2460892.5,12.5,,4.5,,266.20603,-19.34972,17.503,,3.362425144791,-55.9384967,3.36242514479132,-55.9384967,0.0,/*,
ATLAS (C/2025 N1),2025-Aug-06 00:00,2460893.5,12.5,,4.5,,265.9165,-19.32914,17.463,,3.330136834711,-55.8517956,3.33013683471063,-55.8517956,0.0,/*,
ATLAS (C/2025 N1),2025-Aug-07 00:00,2460894.5,12.5,,4.5,,265.62138,-19.30768,17.423,,3.297899481326,-55.7620837,3.29789948132572,-55.7620837,0.0,/*,
ATLAS (C/2025 N1),2025-Aug-08 00:00,2460895.5,12.5,,4.5,,265.32052,-19.28532,17.383,,3.265714859579,-55.6692374,3.26571485957855,-55.6692374,0.0,/*,
ATLAS (C/2025 N1),2025-Aug-09 00:00,2460896.5,12.5,,4.5,,265.01376,-19.262,17.342,,3.233584817404,-55.5731274,3.23358481740383,-55.5731274,0.0,/*,
ATLAS (C/2025 N1),2025-Aug-10 00:00,2460897.5,12.5,,4.5,,264.70094,-19.23769,17.301,,3.201511279205,-55.4736184,3.20151127920456,-55.4736184,0.0,/*,
ATLAS (C/2025 N1),2025-Aug-11 00:00,2460898.5,12.5,,4.5,,264.38189,-19.21233,17.259,,3.169496249511,-55.3705682,3.16949624951057,-55.3705682,0.0,/*,
ATLAS (C/2025 N1),2025-Aug-12 00:00,2460899.5,12.5,,4.5,,264.05644,-19.1859,17.218,,3.137541816831,-55.2638282,3.13754181683116,-55.2638282,0.0,/*,
ATLAS (C/2025 N1),2025-Aug-13 00:00,2460900.5,12.5,,4.5,,263.7244,-19.15832,17.175,,3.105650157711,-55.1532423,3.1056501577114,-55.1532423,0.0,/*,
ATLAS (C/2025 N1),2025-Aug-14 00:00,2460901.5,12.5,,4.5,,263.3856,-19.12957,17.133,,3.073823541004,-55.0386469,3.07382354100385,-55.0386469,0.0,/*,
ATLAS (C/2025 N1),2025-Aug-15 00:00,2460902.5,12.5,,4.5,,263.03984,-19.09957,17.09,,3.042064332367,-54.9198703,3.04206433236748,-54.9198703,0.0,/*,
ATLAS (C/2025 N1),2025-Aug-16 00:00,2460903.5,12.5,,4.5,,262.68692,-19.06827,17.047,,3.010374999006,-54.7967327,3.01037499900575,-54.7967327,0.0,/*,
ATLAS (C/2025 N1),2025-Aug-17 00:00,2460904.5,12.5,,4.5,,262.32665,-19.03561,17.003,,2.978758114657,-54.6690451,2.97875811465705,-54.6690451,0.0,/*,
ATLAS (C/2025 N1),2025-Aug-18 00:00,2460905.5,12.5,,4.5,,261.95879,-19.00154,16.959,,2.947216364851,-54.5366093,2.94721636485072,-54.5366093,0.0,/*,
ATLAS (C/2025 N1),2025-Aug-19 00:00,2460906.5,12.5,,4.5,,261.58315,-18.96598,16.915,,2.915752552443,-54.3992172,2.91575255244285,-54.3992172,0.0,/*,
ATLAS (C/2025 N1),2025-Aug-20 00:00,2460907.5,12.5,,4.5,,261.19949,-18.92886,16.87,,2.884369603447,-54.2566506,2.8843696034467,-54.2566506,0.0,/*,
ATLAS (C/2025 N1),2025-Aug-21 00:00,2460908.5,12.5,,4.5,,260.80758,-18.89011,16.825,,2.853070573172,-54.1086799,2.85307057317248,-54.1086799,0.0,/*,
ATLAS (C/2025 N1),2025-Aug-22 00:00,2460909.5,12.5,,4.5,,260.40718,-18.84965,16.78,,2.821858652693,-53.9550646,2.82185865269276,-53.9550646,0.0,/*,
ATLAS (C/2025 N1),2025-Aug-23 00:00,2460910.5,12.5,,4.5,,259.99804,-18.80741,16.734,,2.79073717565,-53.7955516,2.79073717565017,-53.7955516,0.0,/*,
ATLAS (C/2025 N1),2025-Aug-24 00:00,2460911.5,12.5,,4.5,,259.57989,-18.7633,16.688,,2.759709625424,-53.6298754,2.75970962542353,-53.6298754,0.0,/*,
ATLAS (C/2025 N1),2025-Aug-25 00:00,2460912.5,12.5,,4.5,,259.15248,-18.71722,16.642,,2.728779642671,-53.457757,2.72877964267074,-53.457757,0.0,/*,
ATLAS (C/2025 N1),2025-Aug-26 00:00,2460913.5,12.5,,4.5,,258.71553,-18.66908,16.595,,2.697951033266,-53.2789034,2.69795103326571,-53.2789034,0.0,/*,
ATLAS (C/2025 N1),2025-Aug-27 00:00,2460914.5,12.5,,4.5,,258.26876,-18.61879,16.548,,2.667227776648,-53.0930065,2.66722777664774,-53.0930065,0.0,/*,
ATLAS (C/2025 N1),2025-Aug-28 00:00,2460915.5,12.5,,4.5,,257.81187,-18.56624,16.5,,2.636614034602,-52.8997429,2.63661403460189,-52.8997429,0.0,/*,
ATLAS (C/2025 N1),2025-Aug-29 00:00,2460916.5,12.5,,4.5,,257.34456,-18.51132,16.452,,2.606114160489,-52.6987727,2.60611416048861,-52.6987727,0.0,/*,
ATLAS (C/2025 N1),2025-Aug-30 00:00,2460917.5,12.5,,4.5,,256.86652,-18.45392,16.404,,2.575732708941,-52.4897389,2.57573270894096,-52.4897389,0.0,/*,
ATLAS (C/2025 N1),2025-Aug-31 00:00,2460918.5,12.5,,4.5,,256.37742,-18.3939,16.355,,2.545474446048,-52.2722663,2.54547444604754,-52.2722663,0.0,/*,
ATLAS (C/2025 N1),2025-Sep-01 00:00,2460919.5,12.5,,4.5,,255.87694,-18.33115,16.306,,2.515344360039,-52.0459608,2.51534436003874,-52.0459608,0.0,/*,
ATLAS (C/2025 N1),2025-Sep-02 00:00,2460920.5,12.5,,4.5,,255.36474,-18.26553,16.256,,2.485347672493,-51.8104085,2.48534767249281,-51.8104085,0.0,/*,
ATLAS (C/2025 N1),2025-Sep-03 00:00,2460921.5,12.5,,4.5,,254.84045,-18.1969,16.206,,2.455489850077,-51.5651747,2.45548985007707,-51.5651747,0.0,/*,
ATLAS (C/2025 N1),2025-Sep-04 00:00,2460922.5,12.5,,4.5,,254.30372,-18.12511,16.156,,2.425776616839,-51.3098029,2.42577661683888,-51.3098029,0.0,/*,
ATLAS (C/2025 N1),2025-Sep-05 00:00,2460923.5,12.5,,4.5,,253.75418,-18.05,16.105,,2.396213967058,-51.0438138,2.396213967058,-51.0438138,0.0,/*,
ATLAS (C/2025 N1),2025-Sep-06 00:00,2460924.5,12.5,,4.5,,253.19143,-17.97141,16.055,,2.36680817867,-50.7667045,2.36680817866991,-50.7667045,0.0,/*,
ATLAS (C/2025 N1),2025-Sep-07 00:00,2460925.5,12.5,,4.5,,252.61509,-17.88917,16.003,,2.337565827267,-50.4779472,2.33756582726727,-50.4779472,0.0,/*,
ATLAS (C/2025 N1),2025-Sep-08 00:00,2460926.5,12.5,,4.5,,252.02475,-17.80309,15.952,,2.308493800681,-50.1769885,2.30849380068135,-50.1769885,0.0,/*,
ATLAS (C/2025 N1),2025-Sep-09 00:00,2460927.5,12.5,,4.5,,251.42,-17.71299,15.9,,2.279599314143,-49.8632481,2.27959931414256,-49.8632481,0.0,/*,
ATLAS (C/2025 N1),2025-Sep-10 00:00,2460928.5,12.5,,4.5,,250.80041,-17.61866,15.847,,2.250889926012,-49.5361181,2.25088992601182,-49.5361181,0.0,/*,
ATLAS (C/2025 N1),2025-Sep-11 00:00,2460929.5,12.5,,4.5,,250.16555,-17.5199,15.795,,2.222373554069,-49.194962,2.22237355406917,-49.194962,0.0,/*,
ATLAS (C/2025 N1),2025-Sep-12 00:00,2460930.5,12.5,,4.5,,249.51497,-17.41648,15.742,,2.194058492338,-48.8391134,2.19405849233755,-48.8391134,0.0,/*,
ATLAS (C/2025 N1),2025-Sep-13 00:00,2460931.5,12.5,,4.5,,248.84821,-17.30818,15.689,,2.16595342841,-48.4678759,2.16595342841016,-48.4678759,0.0,/*,
ATLAS (C/2025 N1),2025-Sep-14 00:00,2460932.5,12.5,,4.5,,248.16482,-17.19475,15.635,,2.138067461239,-48.0805216,2.13806746123949,-48.0805216,0.0,/*,
ATLAS (C/2025 N1),2025-Sep-15 00:00,2460933.5,12.5,,4.5,,247.46432,-17.07595,15.581,,2.110410119333,-47.6762909,2.11041011933295,-47.6762909,0.0,/*,
ATLAS (C/2025 N1),2025-Sep-16 00:00,2460934.5,12.5,,4.5,,246.74623,-16.95151,15.528,,2.082991379286,-47.2543919,2.08299137928568,-47.2543919,0.0,/*,
ATLAS (C/2025 N1),2025-Sep-17 00:00,2460935.5,12.5,,4.5,,246.01008,-16.82116,15.473,,2.055821684564,-46.814,2.05582168456438,-46.814,0.0,/*,
ATLAS (C/2025 N1),2025-Sep-18 00:00,2460936.5,12.5,,4.5,,245.25537,-16.68461,15.419,,2.028911964436,-46.3542578,2.02891196443643,-46.3542578,0.0,/*,
ATLAS (C/2025 N1),2025-Sep-19 00:00,2460937.5,12.5,,4.5,,244.48161,-16.54157,15.364,,2.002273652918,-45.8742749,2.00227365291769,-45.8742749,0.0,/*,
ATLAS (C/2025 N1),2025-Sep-20 00:00,2460938.5,12.5,,4.5,,243.6883,-16.39173,15.31,,1.975918707586,-45.3731289,1.97591870758647,-45.3731289,0.0,/*,
ATLAS (C/2025 N1),2025-Sep-21 00:00,2460939.5,12.5,,4.5,,242.87495,-16.23477,15.255,,1.949859628086,-44.8498655,1.94985962808576,-44.8498655,0.0,/*,
ATLAS (C/2025 N1),2025-Sep-22 00:00,2460940.5,12.5,,4.5,,242.04106,-16.07037,15.2,,1.924109474103,-44.3034999,1.9241094741028,-44.3034999,0.0,/*,
ATLAS (C/2025 N1),2025-Sep-23 00:00,2460941.5,12.5,,4.5,,241.18614,-15.89818,15.145,,1.898681882584,-43.7330183,1.89868188258362,-43.7330183,0.0,/*,
ATLAS (C/2025 N1),2025-Sep-24 00:00,2460942.5,12.5,,4.5,,240.30971,-15.71786,15.09,,1.873591083901,-43.1373799,1.87359108390129,-43.1373799,0.0,/*,
ATLAS (C/2025 N1),2025-Sep-25 00:00,2460943.5,12.5,,4.5,,239.41128,-15.52905,15.036,,1.848851916658,-42.5155199,1.84885191665842,-42.5155199,0.0,/*,
ATLAS (C/2025 N1),2025-Sep-26 00:00,2460944.5,12.5,,4.5,,238.4904,-15.33138,14.981,,1.824479840759,-41.8663522,1.8244798407593,-41.8663522,0.0,/*,
ATLAS (C/2025 N1),2025-Sep-27 00:00,2460945.5,12.5,,4.5,,237.54662,-15.12448,14.926,,1.800490948343,-41.1887741,1.80049094834304,-41.1887741,0.0,/*,
ATLAS (C/2025 N1),2025-Sep-28 00:00,2460946.5,12.5,,4.5,,236.57949,-14.90797,14.872,,1.77690197212,-40.4816709,1.7769019721204,-40.4816709,0.0,/*,
ATLAS (C/2025 N1),2025-Sep-29 00:00,2460947.5,12.5,,4.5,,235.58862,-14.68148,14.818,,1.753730290608,-39.7439217,1.75373029060844,-39.7439217,0.0,/*,
ATLAS (C/2025 N1),2025-Sep-30 00:00,2460948.5,12.5,,4.5,,234.57363,-14.44463,14.764,,1.730993929711,-38.9744065,1.73099392971056,-38.9744065,0.0,/*,
ATLAS (C/2025 N1),2025-Oct-01 00:00,2460949.5,12.5,,4.5,,233.53416,-14.19702,14.71,,1.708711560049,-38.1720138,1.70871156004878,-38.1720138,0.0,/*,
ATLAS (C/2025 N1),2025-Oct-02 00:00,2460950.5,12.5,,4.5,,232.4699,-13.9383,14.657,,1.686902489427,-37.3356497,1.68690248942728,-37.3356497,0.0,/*,
ATLAS (C/2025 N1),2025-Oct-03 00:00,2460951.5,12.5,,4.5,,231.38058,-13.66808,14.605,,1.665586649778,-36.464248,1.66558664977809,-36.464248,0.0,/*,
ATLAS (C/2025 N1),2025-Oct-04 00:00,2460952.5,12.5,,4.5,,230.26599,-13.38602,14.553,,1.644784577844,-35.5567819,1.64478457784385,-35.5567819,0.0,/*,
ATLAS (C/2025 N1),2025-Oct-05 00:00,2460953.5,12.5,,4.5,,229.12595,-13.09177,14.502,,1.624517388695,-34.6122771,1.62451738869484,-34.6122771,0.0,/*,
ATLAS (C/2025 N1),2025-Oct-06 00:00,2460954.5,12.5,,4.5,,227.96035,-12.78501,14.452,,1.604806741242,-33.6298261,1.60480674124203,-33.6298261,0.0,/*,
ATLAS (C/2025 N1),2025-Oct-07 00:00,2460955.5,12.5,,4.5,,226.76916,-12.46545,14.402,,1.585674795173,-32.6086038,1.585674795173,-32.6086038,0.0,/*,
ATLAS (C/2025 N1),2025-Oct-08 00:00,2460956.5,12.5,,4.5,,225.55241,-12.13281,14.354,,1.567144158737,-31.5478836,1.56714415873667,-31.5478836,0.0,/*,
ATLAS (C/2025 N1),2025-Oct-09 00:00,2460957.5,12.5,,4.5,,224.31021,-11.78686,14.306,,1.549237826677,-30.4470554,1.54923782667687,-30.4470554,0.0,/*,
ATLAS (C/2025 N1),2025-Oct-10 00:00,2460958.5,12.5,,4.5,,223.04275,-11.42742,14.26,,1.531979107671,-29.3056439,1.53197910767066,-29.3056439,0.0,/*,
ATLAS (C/2025 N1),2025-Oct-11 00:00,2460959.5,12.5,,4.5,,221.75033,-11.05434,14.215,,1.515391540788,-28.1233282,1.51539154078814,-28.1233282,0.0,/*,
ATLAS (C/2025 N1),2025-Oct-12 00:00,2460960.5,12.5,,4.5,,220.43333,-10.66752,14.171,,1.499498800666,-26.8999611,1.49949880066616,-26.8999611,0.0,/*,
ATLAS (C/2025 N1),2025-Oct-13 00:00,2460961.5,12.5,,4.5,,219.09225,-10.26695,14.13,,1.484324591286,-25.6355895,1.48432459128551,-25.6355895,0.0,/*,
ATLAS (C/2025 N1),2025-Oct-14 00:00,2460962.5,12.5,,4.5,,217.72766,-9.85265,14.089,,1.46989252847,-24.330473,1.46989252847043,-24.330473,0.0,/*,
ATLAS (C/2025 N1),2025-Oct-15 00:00,2460963.5,12.5,,4.5,,216.3403,-9.42474,14.051,,1.456226011498,-22.9851026,1.45622601149757,-22.9851026,0.0,/*,
ATLAS (C/2025 N1),2025-Oct-16 00:00,2460964.5,12.5,,4.5,,214.93097,-8.98339,14.014,,1.443348084504,-21.6002173,1.44334808450403,-21.6002173,0.0,/*,
ATLAS (C/2025 N1),2025-Oct-17 00:00,2460965.5,12.5,,4.5,,213.50063,-8.52888,13.979,,1.431281288717,-20.1768195,1.43128128871694,-20.1768195,0.0,/*,
ATLAS (C/2025 N1),2025-Oct-18 00:00,2460966.5,12.5,,4.5,,212.05031,-8.06156,13.947,,1.42004750688,-18.7161864,1.42004750688,-18.7161864,0.0,/*,
ATLAS (C/2025 N1),2025-Oct-19 00:00,2460967.5,12.5,,4.5,,210.58121,-7.58188,13.917,,1.409667801615,-17.2198794,1.40966780161494,-17.2198794,0.0,/*,
ATLAS (C/2025 N1),2025-Oct-20 00:00,2460968.5,12.5,,4.5,,209.0946,-7.09036,13.889,,1.400162249813,-15.6897486,1.40016224981259,-15.6897486,0.0,/*,
ATLAS (C/2025 N1),2025-Oct-21 00:00,2460969.5,12.5,,4.5,,207.59188,-6.58764,13.863,,1.391549775483,-14.1279333,1.39154977548346,-14.1279333,0.0,/*,
ATLAS (C/2025 N1),2025-Oct-22 00:00,2460970.5,12.5,,4.5,,206.07456,-6.07444,13.84,,1.383847983793,-12.5368577,1.38384798379276,-12.5368577,0.0,/*,
ATLAS (C/2025 N1),2025-Oct-23 00:00,2460971.5,12.5,,4.5,,204.54424,-5.55156,13.82,,1.37707299924,-10.9192206,1.37707299924048,-10.9192206,0.0,/*,
ATLAS (C/2025 N1),2025-Oct-24 00:00,2460972.5,12.5,,4.5,,203.00261,-5.01988,13.803,,1.371239311106,-9.2779806,1.37123931110561,-9.2779806,0.0,/*,
ATLAS (C/2025 N1),2025-Oct-25 00:00,2460973.5,12.5,,4.5,,201.45145,-4.4804,13.788,,1.366359629338,-7.6163349,1.36635962933798,-7.6163349,0.0,/*,
ATLAS (C/2025 N1),2025-Oct-26 00:00,2460974.5,12.5,,4.5,,199.8926,-3.93413,13.776,,1.362444754039,-5.9376933,1.36244475403898,-5.9376933,0.0,/*,
ATLAS (C/2025 N1),2025-Oct-27 00:00,2460975.5,12.5,,4.5,,198.32796,-3.38219,13.767,,1.359503461516,-4.2456472,1.35950346151551,-4.2456472,0.0,/*,
ATLAS (C/2025 N1),2025-Oct-28 00:00,2460976.5,12.5,,4.5,,196.75947,-2.82573,13.761,,1.357542409617,-2.5439339,1.35754240961731,-2.5439339,0.0,/*,
ATLAS (C/2025 N1),2025-Oct-29 00:00,2460977.5,12.5,,4.5,,195.1891,-2.26596,13.758,,1.356566064682,-0.8363974,1.35656606468241,-0.8363974,0.0,/*,
ATLAS (C/2025 N1),2025-Oct-30 00:00,2460978.5,12.5,,4.5,,193.61883,-1.70408,13.758,,1.356576651929,0.8730532,1.35657665192874,0.8730532,0.0,/*,
ATLAS (C/2025 N1),2025-Oct-31 00:00,2460979.5,12.5,,4.5,,192.05066,-1.14135,13.761,,1.357574130562,2.5804875,1.35757413056204,2.5804875,0.0,/*,
ATLAS (C/2025 N1),2025-Nov-01 00:00,2460980.5,12.5,,4.5,,190.48655,-0.57901,13.767,,1.359556194244,4.2819977,1.35955619424371,4.2819977,0.0,/*,
ATLAS (C/2025 N1),2025-Nov-02 00:00,2460981.5,12.5,,4.5,,188.92843,-0.01828,13.776,,1.362518296906,5.9737421,1.36251829690627,5.9737421,0.0,/*,
ATLAS (C/2025 N1),2025-Nov-03 00:00,2460982.5,12.5,,4.5,,187.3782,0.53963,13.788,,1.366453703248,7.6519872,1.36645370324796,7.6519872,0.0,/*,
ATLAS (C/2025 N1),2025-Nov-04 00:00,2460983.5,12.5,,4.5,,185.83768,1.09356,13.803,,1.371353562613,9.3131464,1.37135356261342,9.3131464,0.0,/*,
ATLAS (C/2025 N1),2025-Nov-05 00:00,2460984.5,12.5,,4.5,,184.30864,1.64237,13.82,,1.377207004402,10.9538153,1.37720700440166,10.9538153,0.0,/*,
ATLAS (C/2025 N1),2025-Nov-06 00:00,2460985.5,12.5,,4.5,,182.79276,2.18501,13.841,,1.38400125266,12.5708032,1.38400125266032,12.5708032,0.0,/*,
ATLAS (C/2025 N1),2025-Nov-07 00:00,2460986.5,12.5,,4.5,,181.29163,2.72049,13.864,,1.391721757144,14.1611586,1.39172175714426,14.1611586,0.0,/*,
ATLAS (C/2025 N1),2025-Nov-08 00:00,2460987.5,12.5,,4.5,,179.80673,3.24787,13.889,,1.400352337848,15.72219,1.40035233784785,15.72219,0.0,/*,
ATLAS (C/2025 N1),2025-Nov-09 00:00,2460988.5,12.5,,4.5,,178.33944,3.76633,13.917,,1.409875339868,17.2514812,1.40987533986813,17.2514812,0.0,/*,
ATLAS (C/2025 N1),2025-Nov-10 00:00,2460989.5,12.5,,4.5,,176.89103,4.2751,13.948,,1.420271795417,18.7469008,1.42027179541734,18.7469008,0.0,/*,
ATLAS (C/2025 N1),2025-Nov-11 00:00,2460990.5,12.5,,4.5,,175.46267,4.7735,13.98,,1.431521589871,20.2066066,1.4315215898712,20.2066066,0.0,/*,
ATLAS (C/2025 N1),2025-Nov-12 00:00,2460991.5,12.5,,4.5,,174.05538,5.26097,14.015,,1.4436036289,21.6290451,1.44360362889978,21.6290451,0.0,/*,
ATLAS (C/2025 N1),2025-Nov-13 00:00,2460992.5,12.5,,4.5,,172.67009,5.737,14.051,,1.456496003966,23.0129466,1.45649600396625,23.0129466,0.0,/*,
ATLAS (C/2025 N1),2025-Nov-14 00:00,2460993.5,12.5,,4.5,,171.3076,6.20117,14.09,,1.470176153775,24.357316,1.47017615377464,24.357316,0.0,/*,
ATLAS (C/2025 N1),2025-Nov-15 00:00,2460994.5,12.5,,4.5,,169.96862,6.65316,14.13,,1.484621019584,25.6614212,1.48462101958445,25.6614212,0.0,/*,
ATLAS (C/2025 N1),2025-Nov-16 00:00,2460995.5,12.5,,4.5,,168.65371,7.09272,14.172,,1.499807192668,26.9247773,1.49980719266761,26.9247773,0.0,/*,
ATLAS (C/2025 N1),2025-Nov-17 00:00,2460996.5,12.5,,4.5,,167.36336,7.51967,14.216,,1.515711052545,28.1471307,1.51571105254493,28.1471307,0.0,/*,
ATLAS (C/2025 N1),2025-Nov-18 00:00,2460997.5,12.5,,4.5,,166.09794,7.9339,14.261,,1.532308894993,29.3284399,1.53230889499319,29.3284399,0.0,/*,
ATLAS (C/2025 N1),2025-Nov-19 00:00,2460998.5,12.5,,4.5,,164.85773,8.33538,14.307,,1.549577049145,30.4688566,1.54957704914542,30.4688566,0.0,/*,
ATLAS (C/2025 N1),2025-Nov-20 00:00,2460999.5,12.5,,4.5,,163.64291,8.72411,14.354,,1.56749198331,31.5687059,1.56749198330962,31.5687059,0.0,/*,
ATLAS (C/2025 N1),2025-Nov-21 00:00,2461000.5,12.5,,4.5,,162.45359,9.10017,14.403,,1.586030399399,32.6284668,1.58603039939916,32.6284668,0.0,/*,
ATLAS (C/2025 N1),2025-Nov-22 00:00,2461001.5,12.5,,4.5,,161.28979,9.46368,14.452,,1.605169316097,33.6487526,1.60516931609747,33.6487526,0.0,/*,
ATLAS (C/2025 N1),2025-Nov-23 00:00,2461002.5,12.5,,4.5,,160.15147,9.81478,14.503,,1.624886141069,34.6302926,1.62488614106927,34.6302926,0.0,/*,
ATLAS (C/2025 N1),2025-Nov-24 00:00,2461003.5,12.5,,4.5,,159.0385,10.15369,14.554,,1.645158732684,35.5739142,1.64515873268353,35.5739142,0.0,/*,
ATLAS (C/2025 N1),2025-Nov-25 00:00,2461004.5,12.5,,4.5,,157.95072,10.48061,14.606,,1.665965451828,36.4805264,1.66596545182818,36.4805264,0.0,/*,
ATLAS (C/2025 N1),2025-Nov-26 00:00,2461005.5,12.5,,4.5,,156.88791,10.79581,14.658,,1.68728520448,37.3511045,1.68728520448002,37.3511045,0.0,/*,
ATLAS (C/2025 N1),2025-Nov-27 00:00,2461006.5,12.5,,4.5,,155.84979,11.09955,14.711,,1.709097475747,38.1866756,1.70909747574677,38.1866756,0.0,/*,
ATLAS (C/2025 N1),2025-Nov-28 00:00,2461007.5,12.5,,4.5,,154.83605,11.39213,14.765,,1.731382356127,38.9883062,1.73138235612676,38.9883062,0.0,/*,
ATLAS (C/2025 N1),2025-Nov-29 00:00,2461008.5,12.5,,4.5,,153.84633,11.67385,14.819,,1.754120560739,39.7570906,1.754120560739,39.7570906,0.0,/*,
ATLAS (C/2025 N1),2025-Nov-30 00:00,2461009.5,12.5,,4.5,,152.88026,11.94504,14.873,,1.777293442267,40.4941403,1.77729344226714,40.4941403,0.0,/*,
ATLAS (C/2025 N1),2025-Dec-01 00:00,2461010.5,12.5,,4.5,,151.93744,12.206,14.927,,1.800882998337,41.2005752,1.80088299833735,41.2005752,0.0,/*,
ATLAS (C/2025 N1),2025-Dec-02 00:00,2461011.5,12.5,,4.5,,151.01742,12.45707,14.982,,1.824871874017,41.877516,1.82487187401661,41.877516,0.0,/*,
ATLAS (C/2025 N1),2025-Dec-03 00:00,2461012.5,12.5,,4.5,,150.11976,12.69858,15.036,,1.849243360078,42.5260769,1.84924336007818,42.5260769,0.0,/*,
ATLAS (C/2025 N1),2025-Dec-04 00:00,2461013.5,12.5,,4.5,,149.244,12.93085,15.091,,1.873981387634,43.1473601,1.8739813876345,43.1473601,0.0,/*,
ATLAS (C/2025 N1),2025-Dec-05 00:00,2461014.5,12.5,,4.5,,148.38966,13.15422,15.146,,1.89907051969,43.7424507,1.89907051969016,43.7424507,0.0,/*,
ATLAS (C/2025 N1),2025-Dec-06 00:00,2461015.5,12.5,,4.5,,147.55626,13.36901,15.201,,1.924495940119,44.3124129,1.92449594011911,44.3124129,0.0,/*,
ATLAS (C/2025 N1),2025-Dec-07 00:00,2461016.5,12.5,,4.5,,146.74331,13.57554,15.256,,1.95024344052,44.8582866,1.95024344051963,44.8582866,0.0,/*,
ATLAS (C/2025 N1),2025-Dec-08 00:00,2461017.5,12.5,,4.5,,145.95032,13.77412,15.311,,1.976299405355,45.3810847,1.97629940535488,45.3810847,0.0,/*,
ATLAS (C/2025 N1),2025-Dec-09 00:00,2461018.5,12.5,,4.5,,145.1768,13.96506,15.365,,2.002650795741,45.881791,2.00265079574064,45.881791,0.0,/*,
ATLAS (C/2025 N1),2025-Dec-10 00:00,2461019.5,12.5,,4.5,,144.42225,14.14866,15.42,,2.029285132198,46.3613587,2.02928513219796,46.3613587,0.0,/*,
ATLAS (C/2025 N1),2025-Dec-11 00:00,2461020.5,12.5,,4.5,,143.68618,14.32521,15.474,,2.056190476651,46.8207094,2.05619047665114,46.8207094,0.0,/*,
ATLAS (C/2025 N1),2025-Dec-12 00:00,2461021.5,12.5,,4.5,,142.96811,14.495,15.528,,2.083355413911,47.2607324,2.08335541391141,47.2607324,0.0,/*,
ATLAS (C/2025 N1),2025-Dec-13 00:00,2461022.5,12.5,,4.5,,142.26756,14.6583,15.582,,2.110769032856,47.6822842,2.11076903285556,47.6822842,0.0,/*,
ATLAS (C/2025 N1),2025-Dec-14 00:00,2461023.5,12.5,,4.5,,141.58405,14.81537,15.636,,2.138420907478,48.0861883,2.1384209074779,48.0861883,0.0,/*,
ATLAS (C/2025 N1),2025-Dec-15 00:00,2461024.5,12.5,,4.5,,140.91711,14.96647,15.689,,2.166301077965,48.4732358,2.16630107796501,48.4732358,0.0,/*,
ATLAS (C/2025 N1),2025-Dec-16 00:00,2461025.5,12.5,,4.5,,140.26629,15.11186,15.743,,2.194400031921,48.8441853,2.19440003192074,48.8441853,0.0,/*,
ATLAS (C/2025 N1),2025-Dec-17 00:00,2461026.5,12.5,,4.5,,139.63114,15.25176,15.795,,2.222708685845,49.1997638,2.22270868584549,49.1997638,0.0,/*,
ATLAS (C/2025 N1),2025-Dec-18 00:00,2461027.5,12.5,,4.5,,139.0112,15.38641,15.848,,2.251218366956,49.540667,2.25121836695577,49.540667,0.0,/*,
ATLAS (C/2025 N1),2025-Dec-19 00:00,2461028.5,12.5,,4.5,,138.40606,15.51602,15.9,,2.279920795412,49.8675603,2.27992079541249,49.8675603,0.0,/*,
ATLAS (C/2025 N1),2025-Dec-20 00:00,2461029.5,12.5,,4.5,,137.81528,15.64081,15.952,,2.308808067013,50.1810794,2.30880806701277,50.1810794,0.0,/*,
ATLAS (C/2025 N1),2025-Dec-21 00:00,2461030.5,12.5,,4.5,,137.23846,15.76099,16.004,,2.337872636387,50.4818316,2.3378726363872,50.4818316,0.0,/*,
ATLAS (C/2025 N1),2025-Dec-22 00:00,2461031.5,12.5,,4.5,,136.67519,15.87674,16.055,,2.367107300733,50.7703963,2.36710730073287,50.7703963,0.0,/*,
ATLAS (C/2025 N1),2025-Dec-23 00:00,2461032.5,12.5,,4.5,,136.12509,15.98826,16.106,,2.396505184105,51.0473264,2.39650518410466,51.0473264,0.0,/*,
ATLAS (C/2025 N1),2025-Dec-24 00:00,2461033.5,12.5,,4.5,,135.58776,16.09571,16.157,,2.426059722278,51.3131489,2.42605972227823,51.3131489,0.0,/*,
ATLAS (C/2025 N1),2025-Dec-25 00:00,2461034.5,12.5,,4.5,,135.06284,16.19928,16.207,,2.455764648192,51.5683662,2.45576464819196,51.5683662,0.0,/*,
ATLAS (C/2025 N1),2025-Dec-26 00:00,2461035.5,12.5,,4.5,,134.54997,16.29912,16.257,,2.48561397797,51.8134569,2.48561397796962,51.8134569,0.0,/*,
ATLAS (C/2025 N1),2025-Dec-27 00:00,2461036.5,12.5,,4.5,,134.0488,16.39539,16.306,,2.515601997521,52.0488771,2.51560199752074,52.0488771,0.0,/*,
ATLAS (C/2025 N1),2025-Dec-28 00:00,2461037.5,12.5,,4.5,,133.55898,16.48825,16.355,,2.545723249712,52.2750609,2.54572324971192,52.2750609,0.0,/*,
ATLAS (C/2025 N1),2025-Dec-29 00:00,2461038.5,12.5,,4.5,,133.0802,16.57782,16.404,,2.575972522099,52.4924218,2.57597252209928,52.4924218,0.0,/*,
ATLAS (C/2025 N1),2025-Dec-30 00:00,2461039.5,12.5,,4.5,,132.61212,16.66426,16.452,,2.60634483521,52.7013536,2.60634483520981,52.7013536,0.0,/*,
ATLAS (C/2025 N1),2025-Dec-31 00:00,2461040.5,12.5,,4.5,,132.15444,16.74768,16.5,,2.636835431357,52.9022308,2.63683543135725,52.9022308,0.0,/*,
ATLAS (C/2025 N1),2026-Jan-01 00:00,2461041.5,12.5,,4.5,,131.70686,16.82822,16.548,,2.667439763977,53.0954102,2.66743976397725,53.0954102,0.0,/*,
ATLAS (C/2025 N1),2026-Jan-02 00:00,2461042.5,12.5,,4.5,,131.26909,16.906,16.595,,2.698153487464,53.2812313,2.69815348746421,53.2812313,0.0,/*,
ATLAS (C/2025 N1),2026-Jan-03 00:00,2461043.5,12.5,,4.5,,130.84084,16.98112,16.642,,2.728972447493,53.4600173,2.7289724474933,53.4600173,0.0,/*,
ATLAS (C/2025 N1),2026-Jan-04 00:00,2461044.5,12.5,,4.5,,130.42183,17.05369,16.688,,2.759892671809,53.6320759,2.75989267180888,53.6320759,0.0,/*,
ATLAS (C/2025 N1),2026-Jan-05 00:00,2461045.5,12.5,,4.5,,130.01182,17.12382,16.735,,2.790910361461,53.7976998,2.79091036146107,53.7976998,0.0,/*,
ATLAS (C/2025 N1),2026-Jan-06 00:00,2461046.5,12.5,,4.5,,129.61053,17.19161,16.78,,2.822021882473,53.9571678,2.82202188247273,53.9571678,0.0,/*,
ATLAS (C/2025 N1),2026-Jan-07 00:00,2461047.5,12.5,,4.5,,129.21773,17.25715,16.826,,2.853223757918,54.1107452,2.85322375791771,54.1107452,0.0,/*,
ATLAS (C/2025 N1),2026-Jan-08 00:00,2461048.5,12.5,,4.5,,128.83316,17.32053,16.871,,2.884512660393,54.2586848,2.88451266039324,54.2586848,0.0,/*,
ATLAS (C/2025 N1),2026-Jan-09 00:00,2461049.5,12.5,,4.5,,128.45661,17.38184,16.915,,2.915885404868,54.401227,2.91588540486776,54.401227,0.0,/*,
ATLAS (C/2025 N1),2026-Jan-10 00:00,2461050.5,12.5,,4.5,,128.08784,17.44116,16.96,,2.947338941888,54.5386012,2.94733894188778,54.5386012,0.0,/*,
ATLAS (C/2025 N1),2026-Jan-11 00:00,2461051.5,12.5,,4.5,,127.72663,17.49857,17.003,,2.978870351126,54.6710255,2.97887035112625,54.6710255,0.0,/*,
ATLAS (C/2025 N1),2026-Jan-12 00:00,2461052.5,12.5,,4.5,,127.37278,17.55414,17.047,,3.010476835256,54.7987077,3.01047683525629,54.7987077,0.0,/*,
ATLAS (C/2025 N1),2026-Jan-13 00:00,2461053.5,12.5,,4.5,,127.02608,17.60794,17.09,,3.042155714135,54.9218461,3.0421557141348,54.9218461,0.0,/*,
ATLAS (C/2025 N1),2026-Jan-14 00:00,2461054.5,12.5,,4.5,,126.68634,17.66005,17.133,,3.07390441928,55.0406294,3.07390441928009,55.0406294,0.0,/*,
ATLAS (C/2025 N1),2026-Jan-15 00:00,2461055.5,12.5,,4.5,,126.35335,17.71053,17.176,,3.105720488629,55.1552375,3.1057204886294,55.1552375,0.0,/*,
ATLAS (C/2025 N1),2026-Jan-16 00:00,2461056.5,12.5,,4.5,,126.02695,17.75943,17.218,,3.137601561562,55.265842,3.13760156156201,55.265842,0.0,/*,
ATLAS (C/2025 N1),2026-Jan-17 00:00,2461057.5,12.5,,4.5,,125.70695,17.80683,17.259,,3.169545374175,55.3726064,3.1695453741748,55.3726064,0.0,/*,
ATLAS (C/2025 N1),2026-Jan-18 00:00,2461058.5,12.5,,4.5,,125.39318,17.85278,17.301,,3.201549754797,55.4756867,3.20154975479679,55.4756867,0.0,/*,
ATLAS (C/2025 N1),2026-Jan-19 00:00,2461059.5,12.5,,4.5,,125.08546,17.89733,17.342,,3.233612619731,55.5752317,3.23361261973119,55.5752317,0.0,/*,
ATLAS (C/2025 N1),2026-Jan-20 00:00,2461060.5,12.5,,4.5,,124.78364,17.94054,17.383,,3.265731969213,55.6713834,3.26573196921255,55.6713834,0.0,/*,
ATLAS (C/2025 N1),2026-Jan-21 00:00,2461061.5,12.5,,4.5,,124.48757,17.98245,17.423,,3.297905883569,55.7642774,3.29790588356859,55.7642774,0.0,/*,
ATLAS (C/2025 N1),2026-Jan-22 00:00,2461062.5,12.5,,4.5,,124.19708,18.02311,17.463,,3.330132519575,55.854043,3.33013251957511,55.854043,0.0,/*,
ATLAS (C/2025 N1),2026-Jan-23 00:00,2461063.5,12.5,,4.5,,123.91204,18.06258,17.503,,3.362410106995,55.9408036,3.36241010699532,55.9408036,0.0,/*,
ATLAS (C/2025 N1),2026-Jan-24 00:00,2461064.5,12.5,,4.5,,123.63229,18.10088,17.543,,3.394736945293,56.0246774,3.39473694529276,56.0246774,0.0,/*,
ATLAS (C/2025 N1),2026-Jan-25 00:00,2461065.5,12.5,,4.5,,123.35771,18.13807,17.582,,3.42711140051,56.1057769,3.42711140050965,56.1057769,0.0,/*,
ATLAS (C/2025 N1),2026-Jan-26 00:00,2461066.5,12.5,,4.5,,123.08816,18.17419,17.621,,3.459531902301,56.18421,3.45953190230138,56.18421,0.0,/*,
ATLAS (C/2025 N1),2026-Jan-27 00:00,2461067.5,12.5,,4.5,,122.82351,18.20927,17.659,,3.49199694112,56.2600794,3.49199694112005,56.2600794,0.0,/*,
ATLAS (C/2025 N1),2026-Jan-28 00:00,2461068.5,12.5,,4.5,,122.56364,18.24335,17.697,,3.524505065538,56.3334837,3.5245050655382,56.3334837,0.0,/*,
ATLAS (C/2025 N1),2026-Jan-29 00:00,2461069.5,12.5,,4.5,,122.30841,18.27647,17.735,,3.557054879706,56.4045171,3.55705487970645,56.4045171,0.0,/*,
ATLAS (C/2025 N1),2026-Jan-30 00:00,2461070.5,12.5,,4.5,,122.05773,18.30865,17.773,,3.589645040938,56.4732694,3.58964504093783,56.4732694,0.0,/*,
ATLAS (C/2025 N1),2026-Jan-31 00:00,2461071.5,12.5,,4.5,,121.81146,18.33994,17.81,,3.622274257412,56.539827,3.62227425741219,56.539827,0.0,/*,
ATLAS (C/2025 N1),2026-Feb-01 00:00,2461072.5,12.5,,4.5,,121.56951,18.37036,17.847,,3.654941285995,56.6042724,3.65494128599529,56.6042724,0.0,/*,
ATLAS (C/2025 N1),2026-Feb-02 00:00,2461073.5,12.5,,4.5,,121.33177,18.39995,17.884,,3.687644930166,56.6666844,3.68764493016579,56.6666844,0.0,/*,
ATLAS (C/2025 N1),2026-Feb-03 00:00,2461074.5,12.5,,4.5,,121.09813,18.42872,17.921,,3.720384038046,56.7271389,3.72038403804615,56.7271389,0.0,/*,
ATLAS (C/2025 N1),2026-Feb-04 00:00,2461075.5,12.5,,4.5,,120.86849,18.45672,17.957,,3.753157500531,56.7857083,3.75315750053131,56.7857083,0.0,/*,
ATLAS (C/2025 N1),2026-Feb-05 00:00,2461076.5,12.5,,4.5,,120.64275,18.48396,17.993,,3.785964249511,56.8424622,3.78596424951076,56.8424622,0.0,/*,
ATLAS (C/2025 N1),2026-Feb-06 00:00,2461077.5,12.5,,4.5,,120.42083,18.51048,18.028,,3.81880325618,56.8974672,3.81880325618035,56.8974672,0.0,/*,
ATLAS (C/2025 N1),2026-Feb-07 00:00,2461078.5,12.5,,4.5,,120.20262,18.53629,18.064,,3.851673529439,56.9507873,3.85167352943871,56.9507873,0.0,/*,
ATLAS (C/2025 N1),2026-Feb-08 00:00,2461079.5,12.5,,4.5,,119.98804,18.56142,18.099,,3.884574114365,57.0024838,3.88457411436516,57.0024838,0.0,/*,
ATLAS (C/2025 N1),2026-Feb-09 00:00,2461080.5,12.5,,4.5,,119.77701,18.58589,18.134,,3.917504090776,57.0526158,3.91750409077597,57.0526158,0.0,/*,
ATLAS (C/2025 N1),2026-Feb-10 00:00,2461081.5,12.5,,4.5,,119.56944,18.60972,18.168,,3.950462571855,57.1012399,3.95046257185495,57.1012399,0.0,/*,
ATLAS (C/2025 N1),2026-Feb-11 00:00,2461082.5,12.5,,4.5,,119.36524,18.63294,18.202,,3.983448702857,57.1484105,3.9834487028566,57.1484105,0.0,/*,
ATLAS (C/2025 N1),2026-Feb-12 00:00,2461083.5,12.5,,4.5,,119.16435,18.65556,18.237,,4.016461659879,57.1941801,4.01646165987855,57.1941801,0.0,/*,
ATLAS (C/2025 N1),2026-Feb-13 00:00,2461084.5,12.5,,4.5,,118.96668,18.67761,18.27,,4.049500648702,57.238599,4.04950064870172,57.238599,0.0,/*,
ATLAS (C/2025 N1),2026-Feb-14 00:00,2461085.5,12.5,,4.5,,118.77216,18.6991,18.304,,4.082564903696,57.281716,4.08256490369557,57.281716,0.0,/*,
ATLAS (C/2025 N1),2026-Feb-15 00:00,2461086.5,12.5,,4.5,,118.58072,18.72004,18.337,,4.115653686788,57.3235779,4.11565368678786,57.3235779,0.0,/*,
ATLAS (C/2025 N1),2026-Feb-16 00:00,2461087.5,12.5,,4.5,,118.39229,18.74047,18.37,,4.148766286497,57.3642299,4.1487662864971,57.3642299,0.0,/*,
ATLAS (C/2025 N1),2026-Feb-17 00:00,2461088.5,12.5,,4.5,,118.20679,18.76038,18.403,,4.181902017027,57.4037158,4.1819020170266,57.4037158,0.0,/*,
ATLAS (C/2025 N1),2026-Feb-18 00:00,2461089.5,12.5,,4.5,,118.02417,18.77981,18.436,,4.215060217421,57.4420779,4.21506021742073,57.4420779,0.0,/*,
ATLAS (C/2025 N1),2026-Feb-19 00:00,2461090.5,12.5,,4.5,,117.84436,18.79876,18.468,,4.248240250782,57.4793572,4.24824025078193,57.4793572,0.0,/*,
ATLAS (C/2025 N1),2026-Feb-20 00:00,2461091.5,12.5,,4.5,,117.6673,18.81724,18.5,,4.281441503549,57.5155936,4.2814415035495,57.5155936,0.0,/*,
ATLAS (C/2025 N1),2026-Feb-21 00:00,2461092.5,12.5,,4.5,,117.49293,18.83529,18.532,,4.314663384841,57.5508258,4.31466338484111,57.5508258,0.0,/*,
ATLAS (C/2025 N1),2026-Feb-22 00:00,2461093.5,12.5,,4.5,,117.32118,18.85289,18.564,,4.347905325857,57.5850916,4.34790532585728,57.5850916,0.0,/*,
ATLAS (C/2025 N1),2026-Feb-23 00:00,2461094.5,12.5,,4.5,,117.152,18.87008,18.595,,4.381166779351,57.6184279,4.38116677935104,57.6184279,0.0,/*,
ATLAS (C/2025 N1),2026-Feb-24 00:00,2461095.5,12.5,,4.5,,116.98534,18.88686,18.626,,4.414447219164,57.6508708,4.41444721916385,57.6508708,0.0,/*,
ATLAS (C/2025 N1),2026-Feb-25 00:00,2461096.5,12.5,,4.5,,116.82115,18.90325,18.657,,4.447746139829,57.682456,4.44774613982915,57.682456,0.0,/*,
ATLAS (C/2025 N1),2026-Feb-26 00:00,2461097.5,12.5,,4.5,,116.65936,18.91925,18.688,,4.481063056245,57.7132184,4.48106305624464,57.7132184,0.0,/*,
ATLAS (C/2025 N1),2026-Feb-27 00:00,2461098.5,12.5,,4.5,,116.49992,18.93488,18.719,,4.514397503412,57.7431926,4.51439750341206,57.7431926,0.0,/*,
ATLAS (C/2025 N1),2026-Feb-28 00:00,2461099.5,12.5,,4.5,,116.3428,18.95015,18.749,,4.54774903624,57.772413,4.54774903624009,57.772413,0.0,/*,
ATLAS (C/2025 N1),2026-Mar-01 00:00,2461100.5,12.5,,4.5,,116.18794,18.96508,18.779,,4.581117229402,57.8009138,4.58111722940169,57.8009138,0.0,/*,
ATLAS (C/2025 N1),2026-Mar-02 00:00,2461101.5,12.5,,4.5,,116.03528,18.97966,18.809,,4.614501677227,57.8287289,4.61450167722671,57.8287289,0.0,/*,
ATLAS (C/2025 N1),2026-Mar-03 00:00,2461102.5,12.5,,4.5,,115.8848,18.99391,18.839,,4.647901993597,57.8558921,4.64790199359709,57.8558921,0.0,/*,
ATLAS (C/2025 N1),2026-Mar-04 00:00,2461103.5,12.5,,4.5,,115.73644,19.00785,18.868,,4.681317811789,57.8824366,4.68131781178887,57.8824366,0.0,/*,
ATLAS (C/2025 N1),2026-Mar-05 00:00,2461104.5,12.5,,4.5,,115.59016,19.02147,18.898,,4.714748784171,57.9083953,4.71474878417113,57.9083953,0.0,/*,
ATLAS (C/2025 N1),2026-Mar-06 00:00,2461105.5,12.5,,4.5,,115.44591,19.0348,18.927,,4.748194581622,57.9337995,4.74819458162245,57.9337995,0.0,/*,
ATLAS (C/2025 N1),2026-Mar-07 00:00,2461106.5,12.5,,4.5,,115.30367,19.04783,18.956,,4.781654892457,57.9586779,4.78165489245681,57.9586779,0.0,/*,
ATLAS (C/2025 N1),2026-Mar-08 00:00,2461107.5,12.5,,4.5,,115.16338,19.06058,18.985,,4.815129420563,57.9830554,4.81512942056338,57.9830554,0.0,/*,
ATLAS (C/2025 N1),2026-Mar-09 00:00,2461108.5,12.5,,4.5,,115.02501,19.07306,19.013,,4.848617882369,58.0069501,4.84861788236903,58.0069501,0.0,/*,
ATLAS (C/2025 N1),2026-Mar-10 00:00,2461109.5,12.5,,4.5,,114.88852,19.08527,19.042,,4.882120002159,58.0303705,4.88212000215949,58.0303705,0.0,/*,
ATLAS (C/2025 N1),2026-Mar-11 00:00,2461110.5,12.5,,4.5,,114.75388,19.09723,19.07,,4.915635505311,58.0533113,4.91563550531105,58.0533113,0.0,/*,
ATLAS (C/2025 N1),2026-Mar-12 00:00,2461111.5,12.5,,4.5,,114.62106,19.10894,19.098,,4.949164109205,58.0757494,4.94916410920488,58.0757494,0.0,/*,
ATLAS (C/2025 N1),2026-Mar-13 00:00,2461112.5,12.5,,4.5,,114.49001,19.12041,19.126,,4.982705512159,58.0976416,4.98270551215875,58.0976416,0.0,/*,
ATLAS (C/2025 N1),2026-Mar-14 00:00,2461113.5,12.5,,4.5,,114.36071,19.13165,19.154,,5.016259381697,58.1189249,5.01625938169712,58.1189249,0.0,/*,
ATLAS (C/2025 N1),2026-Mar-15 00:00,2461114.5,12.5,,4.5,,114.23312,19.14266,19.181,,5.049825344711,58.1395232,5.04982534471141,58.1395232,0.0,/*,
ATLAS (C/2025 N1),2026-Mar-16 00:00,2461115.5,12.5,,4.5,,114.10723,19.15346,19.208,,5.083402982943,58.1593587,5.08340298294283,58.1593587,0.0,/*,
ATLAS (C/2025 N1),2026-Mar-17 00:00,2461116.5,12.5,,4.5,,113.98298,19.16404,19.236,,5.116991836837,58.1783688,5.11699183683651,58.1783688,0.0,/*,
ATLAS (C/2025 N1),2026-Mar-18 00:00,2461117.5,12.5,,4.5,,113.86036,19.17442,19.263,,5.150591418614,58.1965204,5.15059141861407,58.1965204,0.0,/*,
ATLAS (C/2025 N1),2026-Mar-19 00:00,2461118.5,12.5,,4.5,,113.73933,19.1846,19.289,,5.184201232073,58.2138179,5.18420123207341,58.2138179,0.0,/*,
ATLAS (C/2025 N1),2026-Mar-20 00:00,2461119.5,12.5,,4.5,,113.61987,19.19458,19.316,,5.217820794015,58.2303008,5.21782079401492,58.2303008,0.0,/*,
ATLAS (C/2025 N1),2026-Mar-21 00:00,2461120.5,12.5,,4.5,,113.50194,19.20437,19.343,,5.251449651959,58.2460338,5.25144965195863,58.2460338,0.0,/*,
ATLAS (C/2025 N1),2026-Mar-22 00:00,2461121.5,12.5,,4.5,,113.38552,19.21397,19.369,,5.285087394921,58.2610939,5.28508739492084,58.2610939,0.0,/*,
ATLAS (C/2025 N1),2026-Mar-23 00:00,2461122.5,12.5,,4.5,,113.27058,19.22339,19.395,,5.318733656896,58.2755584,5.3187336568955,58.2755584,0.0,/*,
ATLAS (C/2025 N1),2026-Mar-24 00:00,2461123.5,12.5,,4.5,,113.15708,19.23262,19.421,,5.352388114743,58.2894975,5.35238811474259,58.2894975,0.0,/*,
ATLAS (C/2025 N1),2026-Mar-25 00:00,2461124.5,12.5,,4.5,,113.04499,19.24168,19.447,,5.386050482869,58.3029706,5.38605048286911,58.3029706,0.0,/*,
ATLAS (C/2025 N1),2026-Mar-26 00:00,2461125.5,12.5,,4.5,,112.93431,19.25056,19.473,,5.419720506758,58.3160262,5.41972050675805,58.3160262,0.0,/*,
ATLAS (C/2025 N1),2026-Mar-27 00:00,2461126.5,12.5,,4.5,,112.82498,19.25927,19.498,,5.453397956685,58.328702,5.45339795668542,58.328702,0.0,/*,
ATLAS (C/2025 N1),2026-Mar-28 00:00,2461127.5,12.5,,4.5,,112.717,19.26782,19.524,,5.487082622293,58.3410275,5.48708262229268,58.3410275,0.0,/*,
ATLAS (C/2025 N1),2026-Mar-29 00:00,2461128.5,12.5,,4.5,,112.61033,19.2762,19.549,,5.52077430822,58.3530255,5.5207743082204,58.3530255,0.0,/*,
ATLAS (C/2025 N1),2026-Mar-30 00:00,2461129.5,12.5,,4.5,,112.50495,19.28442,19.574,,5.554472830757,58.3647139,5.5544728307565,58.3647139,0.0,/*,
ATLAS (C/2025 N1),2026-Mar-31 00:00,2461130.5,12.5,,4.5,,112.40084,19.29248,19.599,,5.588178015342,58.3761067,5.58817801534201,58.3761067,0.0,/*,
ATLAS (C/2025 N1),2026-Apr-01 00:00,2461131.5,12.5,,4.5,,112.29797,19.3004,19.624,,5.621889694755,58.3872155,5.62188969475479,58.3872155,0.0,/*,
ATLAS (C/2025 N1),2026-Apr-02 00:00,2461132.5,12.5,,4.5,,112.19633,19.30816,19.649,,5.655607707805,58.3980496,5.6556077078053,58.3980496,0.0,/*,
ATLAS (C/2025 N1),2026-Apr-03 00:00,2461133.5,12.5,,4.5,,112.09588,19.31578,19.673,,5.689331898409,58.4086174,5.68933189840868,58.4086174,0.0,/*,
ATLAS (C/2025 N1),2026-Apr-04 00:00,2461134.5,12.5,,4.5,,111.99661,19.32325,19.697,,5.723062114928,58.4189261,5.72306211492775,58.4189261,0.0,/*,
ATLAS (C/2025 N1),2026-Apr-05 00:00,2461135.5,12.5,,4.5,,111.89851,19.33059,19.722,,5.756798209707,58.4289823,5.75679820970739,58.4289823,0.0,/*,
ATLAS (C/2025 N1),2026-Apr-06 00:00,2461136.5,12.5,,4.5,,111.80153,19.33779,19.746,,5.790540038744,58.4387921,5.79054003874391,58.4387921,0.0,/*,
ATLAS (C/2025 N1),2026-Apr-07 00:00,2461137.5,12.5,,4.5,,111.70568,19.34485,19.77,,5.824287461447,58.4483612,5.82428746144745,58.4483612,0.0,/*,
ATLAS (C/2025 N1),2026-Apr-08 00:00,2461138.5,12.5,,4.5,,111.61092,19.35179,19.794,,5.858040340469,58.4576951,5.85804034046868,58.4576951,0.0,/*,
ATLAS (C/2025 N1),2026-Apr-09 00:00,2461139.5,12.5,,4.5,,111.51725,19.3586,19.817,,5.891798541569,58.4667992,5.89179854156905,58.4667992,0.0,/*,
ATLAS (C/2025 N1),2026-Apr-10 00:00,2461140.5,12.5,,4.5,,111.42464,19.36528,19.841,,5.92556193352,58.4756785,5.92556193352045,58.4756785,0.0,/*,
ATLAS (C/2025 N1),2026-Apr-11 00:00,2461141.5,12.5,,4.5,,111.33307,19.37185,19.864,,5.959330388025,58.484338,5.95933038802492,58.484338,0.0,/*,
ATLAS (C/2025 N1),2026-Apr-12 00:00,2461142.5,12.5,,4.5,,111.24253,19.37829,19.888,,5.993103779646,58.4927828,5.99310377964634,58.4927828,0.0,/*,
ATLAS (C/2025 N1),2026-Apr-13 00:00,2461143.5,12.5,,4.5,,111.15299,19.38462,19.911,,6.026881985751,58.5010175,6.02688198575112,58.5010175,0.0,/*,
ATLAS (C/2025 N1),2026-Apr-14 00:00,2461144.5,12.5,,4.5,,111.06445,19.39084,19.934,,6.060664886453,58.5090469,6.0606648864532,58.5090469,0.0,/*,
ATLAS (C/2025 N1),2026-Apr-15 00:00,2461145.5,12.5,,4.5,,110.97689,19.39694,19.957,,6.094452364563,58.5168756,6.09445236456271,58.5168756,0.0,/*,
ATLAS (C/2025 N1),2026-Apr-16 00:00,2461146.5,12.5,,4.5,,110.89029,19.40294,19.98,,6.128244305536,58.5245082,6.12824430553607,58.5245082,0.0,/*,
ATLAS (C/2025 N1),2026-Apr-17 00:00,2461147.5,12.5,,4.5,,110.80463,19.40883,20.002,,6.162040597427,58.5319491,6.16204059742666,58.5319491,0.0,/*,
ATLAS (C/2025 N1),2026-Apr-18 00:00,2461148.5,12.5,,4.5,,110.7199,19.41462,20.025,,6.195841130836,58.5392027,6.19584113083619,58.5392027,0.0,/*,
ATLAS (C/2025 N1),2026-Apr-19 00:00,2461149.5,12.5,,4.5,,110.63609,19.42031,20.047,,6.229645798866,58.5462733,6.22964579886592,58.5462733,0.0,/*,
ATLAS (C/2025 N1),2026-Apr-20 00:00,2461150.5,12.5,,4.5,,110.55317,19.42589,20.07,,6.263454497068,58.553165,6.2634544970678,58.553165,0.0,/*,
ATLAS (C/2025 N1),2026-Apr-21 00:00,2461151.5,12.5,,4.5,,110.47114,19.43138,20.092,,6.297267123396,58.559882,6.29726712339553,58.559882,0.0,/*,
ATLAS (C/2025 N1),2026-Apr-22 00:00,2461152.5,12.5,,4.5,,110.38998,19.43678,20.114,,6.331083578155,58.5664284,6.33108357815542,58.5664284,0.0,/*,
ATLAS (C/2025 N1),2026-Apr-23 00:00,2461153.5,12.5,,4.5,,110.30969,19.44208,20.136,,6.364903763957,58.572808,6.36490376395746,58.572808,0.0,/*,
ATLAS (C/2025 N1),2026-Apr-24 00:00,2461154.5,12.5,,4.5,,110.23023,19.4473,20.158,,6.398727585666,58.5790248,6.39872758566621,58.5790248,0.0,/*,
ATLAS (C/2025 N1),2026-Apr-25 00:00,2461155.5,12.5,,4.5,,110.15161,19.45242,20.18,,6.432554950352,58.5850825,6.43255495035185,58.5850825,0.0,/*,
ATLAS (C/2025 N1),2026-Apr-26 00:00,2461156.5,12.5,,4.5,,110.0738,19.45746,20.201,,6.466385767242,58.5909848,6.46638576724175,58.5909848,0.0,/*,
ATLAS (C/2025 N1),2026-Apr-27 00:00,2461157.5,12.5,,4.5,,109.9968,19.46241,20.223,,6.500219947672,58.5967353,6.50021994767204,58.5967353,0.0,/*,
ATLAS (C/2025 N1),2026-Apr-28 00:00,2461158.5,12.5,,4.5,,109.9206,19.46728,20.244,,6.53405740504,58.6023376,6.53405740503979,58.6023376,0.0,/*,
ATLAS (C/2025 N1),2026-Apr-29 00:00,2461159.5,12.5,,4.5,,109.84517,19.47206,20.266,,6.567898054756,58.607795,6.56789805475559,58.607795,0.0,/*,
ATLAS (C/2025 N1),2026-Apr-30 00:00,2461160.5,12.5,,4.5,,109.77052,19.47677,20.287,,6.601741814197,58.613111,6.60174181419695,58.613111,0.0,/*,
ATLAS (C/2025 N1),2026-May-01 00:00,2461161.5,12.5,,4.5,,109.69662,19.4814,20.308,,6.635588602662,58.6182889,6.6355886026619,58.6182889,0.0,/*,
ATLAS (C/2025 N1),2026-May-02 00:00,2461162.5,12.5,,4.5,,109.62347,19.48595,20.329,,6.669438341324,58.6233319,6.66943834132363,58.6233319,0.0,/*,
ATLAS (C/2025 N1),2026-May-03 00:00,2461163.5,12.5,,4.5,,109.55105,19.49043,20.35,,6.703290953186,58.628243,6.70329095318578,58.628243,0.0,/*,
ATLAS (C/2025 N1),2026-May-04 00:00,2461164.5,12.5,,4.5,,109.47936,19.49484,20.371,,6.737146363038,58.6330254,6.73714636303838,58.6330254,0.0,/*,
ATLAS (C/2025 N1),2026-May-05 00:00,2461165.5,12.5,,4.5,,109.40838,19.49917,20.391,,6.771004497415,58.637682,6.77100449741469,58.637682,0.0,/*,
ATLAS (C/2025 N1),2026-May-06 00:00,2461166.5,12.5,,4.5,,109.33811,19.50343,20.412,,6.804865284549,58.6422157,6.80486528454906,58.6422157,0.0,/*,
ATLAS (C/2025 N1),2026-May-07 00:00,2461167.5,12.5,,4.5,,109.26852,19.50762,20.432,,6.838728654335,58.6466295,6.83872865433537,58.6466295,0.0,/*,
ATLAS (C/2025 N1),2026-May-08 00:00,2461168.5,12.5,,4.5,,109.19962,19.51175,20.453,,6.872594538287,58.6509259,6.87259453828672,58.6509259,0.0,/*,
ATLAS (C/2025 N1),2026-May-09 00:00,2461169.5,12.5,,4.5,,109.1314,19.51581,20.473,,6.906462869496,58.6551079,6.90646286949571,58.6551079,0.0,/*,
ATLAS (C/2025 N1),2026-May-10 00:00,2461170.5,12.5,,4.5,,109.06383,19.51981,20.493,,6.940333582596,58.6591779,6.94033358259635,58.6591779,0.0,/*,
ATLAS (C/2025 N1),2026-May-11 00:00,2461171.5,12.5,,4.5,,108.99692,19.52374,20.513,,6.974206613726,58.6631386,6.97420661372629,58.6631386,0.0,/*,
ATLAS (C/2025 N1),2026-May-12 00:00,2461172.5,12.5,,4.5,,108.93065,19.52761,20.533,,7.008081900491,58.6669924,7.00808190049077,58.6669924,0.0,/*,
ATLAS (C/2025 N1),2026-May-13 00:00,2461173.5,12.5,,4.5,,108.86502,19.53142,20.553,,7.041959381927,58.6707419,7.04195938192722,58.6707419,0.0,/*,
ATLAS (C/2025 N1),2026-May-14 00:00,2461174.5,12.5,,4.5,,108.80001,19.53516,20.573,,7.075838998471,58.6743894,7.07583899847121,58.6743894,0.0,/*,
ATLAS (C/2025 N1),2026-May-15 00:00,2461175.5,12.5,,4.5,,108.73562,19.53885,20.593,,7.109720691923,58.6779373,7.10972069192346,58.6779373,0.0,/*,
ATLAS (C/2025 N1),2026-May-16 00:00,2461176.5,12.5,,4.5,,108.67184,19.54249,20.612,,7.143604405418,58.6813878,7.1436044054176,58.6813878,0.0,/*,
ATLAS (C/2025 N1),2026-May-17 00:00,2461177.5,12.5,,4.5,,108.60866,19.54606,20.632,,7.177490083389,58.6847432,7.17749008338919,58.6847432,0.0,/*,
ATLAS (C/2025 N1),2026-May-18 00:00,2461178.5,12.5,,4.5,,108.54607,19.54958,20.651,,7.211377671545,58.6880056,7.2113776715453,58.6880056,0.0,/*,
ATLAS (C/2025 N1),2026-May-19 00:00,2461179.5,12.5,,4.5,,108.48406,19.55305,20.671,,7.245267116835,58.6911771,7.24526711683485,58.6911771,0.0,/*,
ATLAS (C/2025 N1),2026-May-20 00:00,2461180.5,12.5,,4.5,,108.42262,19.55646,20.69,,7.279158367419,58.6942599,7.27915836741946,58.6942599,0.0,/*,
ATLAS (C/2025 N1),2026-May-21 00:00,2461181.5,12.5,,4.5,,108.36176,19.55983,20.709,,7.313051372645,58.697256,7.31305137264476,58.697256,0.0,/*,
ATLAS (C/2025 N1),2026-May-22 00:00,2461182.5,12.5,,4.5,,108.30145,19.56314,20.728,,7.346946083012,58.7001674,7.34694608301202,58.7001674,0.0,/*,
ATLAS (C/2025 N1),2026-May-23 00:00,2461183.5,12.5,,4.5,,108.24169,19.5664,20.747,,7.38084245015,58.7029959,7.3808424501501,58.7029959,0.0,/*,
ATLAS (C/2025 N1),2026-May-24 00:00,2461184.5,12.5,,4.5,,108.18248,19.56961,20.766,,7.414740426788,58.7057434,7.41474042678791,58.7057434,0.0,/*,
ATLAS (C/2025 N1),2026-May-25 00:00,2461185.5,12.5,,4.5,,108.12381,19.57277,20.785,,7.448639966727,58.7084119,7.44863996672699,58.7084119,0.0,/*,
ATLAS (C/2025 N1),2026-May-26 00:00,2461186.5,12.5,,4.5,,108.06566,19.57589,20.803,,7.482541024815,58.711003,7.4825410248147,58.711003,0.0,/*,
ATLAS (C/2025 N1),2026-May-27 00:00,2461187.5,12.5,,4.5,,108.00804,19.57896,20.822,,7.516443556918,58.7135186,7.51644355691786,58.7135186,0.0,/*,
ATLAS (C/2025 N1),2026-May-28 00:00,2461188.5,12.5,,4.5,,107.95093,19.58198,20.841,,7.550347519897,58.7159602,7.5503475198974,58.7159602,0.0,/*,
ATLAS (C/2025 N1),2026-May-29 00:00,2461189.5,12.5,,4.5,,107.89433,19.58496,20.859,,7.584252871583,58.7183297,7.58425287158267,58.7183297,0.0,/*,
ATLAS (C/2025 N1),2026-May-30 00:00,2461190.5,12.5,,4.5,,107.83824,19.58789,20.878,,7.618159570748,58.7206286,7.61815957074777,58.7206286,0.0,/*,
ATLAS (C/2025 N1),2026-May-31 00:00,2461191.5,12.5,,4.5,,107.78264,19.59078,20.896,,7.652067577088,58.7228584,7.65206757708752,58.7228584,0.0,/*,
ATLAS (C/2025 N1),2026-Jun-01 00:00,2461192.5,12.5,,4.5,,107.72752,19.59363,20.914,,7.685976851195,58.7250207,7.68597685119491,58.7250207,0.0,/*,
